{
  "run_name": "candidate_v1_offset_2000",
  "solution": "results/agent_bbob/agent_representative_inner_v1/solutions/solution_0001.py",
  "test_set": "final",
  "n_tests": 480,
  "n_success": 480,
  "success_rate": 1.0,
  "mean_score": 0.594616180842204,
  "median_score": 0.43548040036209534,
  "std_score": 0.7975190833691411,
  "trimmed_mean_5pct": 0.48383137959602013,
  "q25": 0.06893626408622847,
  "q75": 0.9442984089505374,
  "positive_score_rate": 0.8645833333333334
}