{
  "n_agent_runs": 4,
  "inner_loop_total_score_summary": {
    "count": 4,
    "mean": -7.5e+17,
    "median": -1e+18,
    "std": 4.330127018922193e+17,
    "min": -1e+18,
    "max": 28.408462240903756
  },
  "inner_loop_mean_score_summary": {
    "count": 1,
    "mean": 0.5918429633521616,
    "median": 0.5918429633521616,
    "std": 0.0,
    "min": 0.5918429633521616,
    "max": 0.5918429633521616
  },
  "final_holdout_total_score_summary": {
    "count": 1,
    "mean": -417.8156176719287,
    "median": -417.8156176719287,
    "std": 0.0,
    "min": -417.8156176719287,
    "max": -417.8156176719287
  },
  "final_holdout_mean_score_summary": {
    "count": 1,
    "mean": -0.8704492034831848,
    "median": -0.8704492034831848,
    "std": 0.0,
    "min": -0.8704492034831848,
    "max": -0.8704492034831848
  },
  "best_run_by_holdout_mean_score": {
    "run_name": "smoke_agent",
    "run_dir": "results/agent_bbob/smoke_agent",
    "status": "completed",
    "completed_iterations": 2,
    "best_solution_path": "results/agent_bbob/smoke_agent/solutions/solution_0008.py",
    "best_score_total_inner_loop": 28.408462240903756,
    "best_score_mean_inner_loop": 0.5918429633521616,
    "n_inner_loop_tests": 48,
    "final_holdout_total_score": -417.8156176719287,
    "final_holdout_mean_score": -0.8704492034831848,
    "n_final_holdout_tests": 480,
    "best_solution_test_time_sec": 66.64808212200023,
    "model": "openai/gpt-oss-120b:free",
    "temperature": 0.15,
    "top_p": 0.9,
    "num_ctx": 8192,
    "num_predict": 768,
    "budget_multiplier": 20
  }
}