{
  "agent_vs_baselines": [
    {
      "algorithm": "de",
      "baseline_mean_score": -1.6907817484776217,
      "baseline_best_score": -1.6907817484776217,
      "agent_mean_holdout_score": -0.8704492034831848,
      "agent_best_holdout_score": -0.8704492034831848,
      "mean_delta_agent_minus_baseline": 0.820332544994437,
      "best_delta_agent_minus_baseline": 0.820332544994437
    },
    {
      "algorithm": "gwo",
      "baseline_mean_score": 0.4027474755045066,
      "baseline_best_score": 0.4027474755045066,
      "agent_mean_holdout_score": -0.8704492034831848,
      "agent_best_holdout_score": -0.8704492034831848,
      "mean_delta_agent_minus_baseline": -1.2731966789876914,
      "best_delta_agent_minus_baseline": -1.2731966789876914
    },
    {
      "algorithm": "pso",
      "baseline_mean_score": 0.32024238543734745,
      "baseline_best_score": 0.3202423854373483,
      "agent_mean_holdout_score": -0.8704492034831848,
      "agent_best_holdout_score": -0.8704492034831848,
      "mean_delta_agent_minus_baseline": -1.1906915889205323,
      "best_delta_agent_minus_baseline": -1.190691588920533
    },
    {
      "algorithm": "sa",
      "baseline_mean_score": -23.04286570965774,
      "baseline_best_score": -23.04286570965774,
      "agent_mean_holdout_score": -0.8704492034831848,
      "agent_best_holdout_score": -0.8704492034831848,
      "mean_delta_agent_minus_baseline": 22.172416506174557,
      "best_delta_agent_minus_baseline": 22.172416506174557
    }
  ]
}