{
  "run_name": "candidate_v1_final_stats",
  "solution": "results/agent_bbob/agent_representative_inner_v1/solutions/solution_0001.py",
  "test_set": "final",
  "n_tests": 480,
  "n_success": 480,
  "success_rate": 1.0,
  "mean_score": 0.5939590827818525,
  "median_score": 0.4644932493606856,
  "std_score": 0.7682888491708814,
  "trimmed_mean_5pct": 0.4867941450854054,
  "q25": 0.06596429635766123,
  "q75": 0.9580207560192787,
  "positive_score_rate": 0.8625
}