{
  "algorithms": {
    "pso": {
      "n_runs": 480,
      "mean_score": 0.3202423854373449,
      "median_score": 0.5623596238682783,
      "std_score": 3.8293426797623895,
      "success_rate": 1.0,
      "mean_used_evaluations": 100.0
    }
  },
  "n_results": 480
}